Metric,Value
test_loss,0.678464412689209
test_acc,0.8481675386428833
test_f1,0.8480175733566284
best_val,0.8987341523170471
