Metric,Value
test_loss,0.9603449702262878
test_acc,0.8492646813392639
test_f1,0.8412820100784302
best_val,0.9085820913314819
