Metric,Value
test_loss,0.34570714831352234
test_acc,0.8713235259056091
test_f1,0.8640291690826416
best_val,0.9048507213592529
