Metric,Value
test_loss,0.449847936630249
test_acc,0.8793103694915771
test_f1,0.8784067034721375
best_val,0.8349753618240356
