Metric,Value
test_loss,1.2401785850524902
test_acc,0.6020942330360413
test_f1,0.5972253084182739
best_val,0.9240506291389465
