Metric,Value
test_loss,1.7556846141815186
test_acc,0.6178010702133179
test_f1,0.6151000261306763
best_val,0.9312838912010193
