Metric,Value
test_loss,0.7437590956687927
test_acc,0.9137930870056152
test_f1,0.9131476879119873
best_val,0.7881773114204407
