Metric,Value
test_loss,1.9559898376464844
test_acc,0.7467532753944397
test_f1,0.7031875252723694
best_val,0.9321428537368774
