Metric,Value
test_loss,1.2371000051498413
test_acc,0.7792207598686218
test_f1,0.7554641962051392
best_val,0.9053571224212646
