Metric,Value
test_loss,3.6030828952789307
test_acc,0.517241358757019
test_f1,0.5120192170143127
best_val,0.8620689511299133
