Metric,Value
test_loss,0.6090150475502014
test_acc,0.8291457295417786
test_f1,0.8291069269180298
best_val,0.8965517282485962
