Metric,Value
test_loss,1.1754090785980225
test_acc,0.6139410138130188
test_f1,0.6133157014846802
best_val,0.8972868323326111
