Metric,Value
test_loss,0.42427995800971985
test_acc,0.8125
test_f1,0.7932484149932861
best_val,0.9029850959777832
