Metric,Value
test_loss,3.7147278785705566
test_acc,0.5344827771186829
test_f1,0.5309973359107971
best_val,0.8128078579902649
