Metric,Value
test_loss,4.902945518493652
test_acc,0.5517241358757019
test_f1,0.45911046862602234
best_val,0.8004925847053528
