Metric,Value
test_loss,0.861926257610321
test_acc,0.8272251486778259
test_f1,0.8271493315696716
best_val,0.9240506291389465
