Metric,Value
test_loss,0.8221579194068909
test_acc,0.8586387634277344
test_f1,0.8584991097450256
best_val,0.9240506291389465
