Metric,Value
test_loss,2.374521017074585
test_acc,0.6034482717514038
test_f1,0.6033303737640381
best_val,0.7463054060935974
