Metric,Value
test_loss,5.88004207611084
test_acc,0.3103448152542114
test_f1,0.2969697117805481
best_val,0.8275862336158752
