Metric,Value
test_loss,4.09559965133667
test_acc,0.6206896305084229
test_f1,0.5569444894790649
best_val,0.8226600885391235
