Metric,Value
test_loss,3.0235164165496826
test_acc,0.6034482717514038
test_f1,0.5824726223945618
best_val,0.9236453175544739
