Metric,Value
test_loss,6.277837753295898
test_acc,0.4137931168079376
test_f1,0.4137931168079376
best_val,0.8546798229217529
