Metric,Value
test_loss,3.106245279312134
test_acc,0.5862069129943848
test_f1,0.5303643941879272
best_val,0.871921181678772
