Metric,Value
test_loss,0.953431248664856
test_acc,0.7413793206214905
test_f1,0.7394429445266724
best_val,0.7536945939064026
