Metric,Value
test_loss,2.1874706745147705
test_acc,0.6896551847457886
test_f1,0.6704545021057129
best_val,0.9039409160614014
