Metric,Value
test_loss,0.7317817807197571
test_acc,0.7413793206214905
test_f1,0.7413023710250854
best_val,0.8472906351089478
