Metric,Value
test_loss,2.980146646499634
test_acc,0.5517241358757019
test_f1,0.5379902124404907
best_val,0.7118226885795593
