Metric,Value
test_loss,1.0911271572113037
test_acc,0.5843137502670288
test_f1,0.5840002298355103
best_val,0.8759258985519409
