Metric,Value
test_loss,4.8547444343566895
test_acc,0.5344827771186829
test_f1,0.478521466255188
best_val,0.8866994976997375
