Metric,Value
test_loss,2.6985883712768555
test_acc,0.6034482717514038
test_f1,0.5661788582801819
best_val,0.6896551847457886
