Metric,Value
test_loss,1.1551053524017334
test_acc,0.7459016442298889
test_f1,0.7458845376968384
best_val,0.8911439180374146
