Metric,Value
test_loss,1.047959566116333
test_acc,0.7540983557701111
test_f1,0.7535021305084229
best_val,0.8966789841651917
