Metric,Value
test_loss,2.090130567550659
test_acc,0.8739837408065796
test_f1,0.7753556966781616
best_val,0.9059040546417236
