Metric,Value
test_loss,0.8680891990661621
test_acc,0.8821138143539429
test_f1,0.7898488640785217
best_val,0.9169741868972778
