Metric,Value
test_loss,1.3675413131713867
test_acc,0.7241379022598267
test_f1,0.7070707082748413
best_val,0.7536945939064026
