Metric,Value
test_loss,3.2978029251098633
test_acc,0.5517241358757019
test_f1,0.543030321598053
best_val,0.7364531755447388
