Metric,Value
test_loss,7.501898765563965
test_acc,0.517241358757019
test_f1,0.37054264545440674
best_val,0.8645319938659668
