Metric,Value
test_loss,2.3867688179016113
test_acc,0.7586206793785095
test_f1,0.7574671506881714
best_val,0.8620689511299133
