Metric,Value
test_loss,4.2997355461120605
test_acc,0.568965494632721
test_f1,0.47060972452163696
best_val,0.8743842244148254
