Metric,Value
test_loss,3.5317816734313965
test_acc,0.48275861144065857
test_f1,0.45075756311416626
best_val,0.8866994976997375
