Metric,Value
test_loss,2.984929084777832
test_acc,0.5490654110908508
test_f1,0.45854389667510986
best_val,0.8772277235984802
