Metric,Value
test_loss,11.945832252502441
test_acc,0.36206895112991333
test_f1,0.2853812873363495
best_val,0.8374384045600891
