Metric,Value
test_loss,3.688985824584961
test_acc,0.5862069129943848
test_f1,0.5166666507720947
best_val,0.8349753618240356
