Metric,Value
test_loss,1.3322584629058838
test_acc,0.8446115255355835
test_f1,0.8392300605773926
best_val,0.908023476600647
