Metric,Value
test_loss,0.425653874874115
test_acc,0.8947368264198303
test_f1,0.8859068751335144
best_val,0.8727984428405762
