Metric,Value
test_loss,1.2649692296981812
test_acc,0.6125654578208923
test_f1,0.6101610660552979
best_val,0.9041591286659241
