Metric,Value
test_loss,2.0293521881103516
test_acc,0.7413793206214905
test_f1,0.7276995182037354
best_val,0.7832512259483337
