Metric,Value
test_loss,2.167404890060425
test_acc,0.6551724076271057
test_f1,0.651442289352417
best_val,0.8472906351089478
