Metric,Value
test_loss,3.054065465927124
test_acc,0.5862069129943848
test_f1,0.5857143402099609
best_val,0.7241379022598267
