Metric,Value
test_loss,1.038248896598816
test_acc,0.8103448152542114
test_f1,0.8075414896011353
best_val,0.7536945939064026
