Metric,Value
test_loss,2.7864134311676025
test_acc,0.6551724076271057
test_f1,0.633838415145874
best_val,0.8472906351089478
