Metric,Value
test_loss,2.9116768836975098
test_acc,0.6034482717514038
test_f1,0.6004791855812073
best_val,0.8817734122276306
