Metric,Value
test_loss,2.201829433441162
test_acc,0.7241379022598267
test_f1,0.7211538553237915
best_val,0.8325123190879822
