Metric,Value
test_loss,0.7888001203536987
test_acc,0.8103448152542114
test_f1,0.8102883696556091
best_val,0.7142857313156128
