Metric,Value
test_loss,4.272702217102051
test_acc,0.4655172526836395
test_f1,0.46535831689834595
best_val,0.8054187297821045
