Metric,Value
test_loss,0.4832632839679718
test_acc,0.8620689511299133
test_f1,0.8593939542770386
best_val,0.8842364549636841
