Metric,Value
test_loss,6.921241283416748
test_acc,0.48275861144065857
test_f1,0.375896692276001
best_val,0.7906404137611389
