Metric,Value
test_loss,1.5710999965667725
test_acc,0.5093457698822021
test_f1,0.41997939348220825
best_val,0.8534653186798096
