Metric,Value
test_loss,0.8793615698814392
test_acc,0.6378504633903503
test_f1,0.5094029903411865
best_val,0.8871287107467651
