Metric,Value
test_loss,17.518407821655273
test_acc,0.5344827771186829
test_f1,0.40569260716438293
best_val,0.8842364549636841
