Metric,Value
test_loss,1.6691457033157349
test_acc,0.6724137663841248
test_f1,0.6723164319992065
best_val,0.7758620977401733
