Metric,Value
test_loss,1.0142762660980225
test_acc,0.8471177816390991
test_f1,0.8368710279464722
best_val,0.9021526575088501
