Metric,Value
test_loss,4.811285972595215
test_acc,0.6034482717514038
test_f1,0.5436195731163025
best_val,0.8423645496368408
