Metric,Value
test_loss,2.762759208679199
test_acc,0.6117647290229797
test_f1,0.6070266962051392
best_val,0.9037036895751953
