Metric,Value
test_loss,1.239015817642212
test_acc,0.6470588445663452
test_f1,0.644163966178894
best_val,0.8907407522201538
