Metric,Value
test_loss,2.7712268829345703
test_acc,0.5862069129943848
test_f1,0.5857143402099609
best_val,0.8226600885391235
