Metric,Value
test_loss,1.640856146812439
test_acc,0.7586206793785095
test_f1,0.7583333253860474
best_val,0.8596059083938599
