Metric,Value
test_loss,2.1438918113708496
test_acc,0.6724137663841248
test_f1,0.6699610948562622
best_val,0.7857142686843872
