Metric,Value
test_loss,3.015183210372925
test_acc,0.6551724076271057
test_f1,0.6535245180130005
best_val,0.7758620977401733
