Metric,Value
test_loss,2.603086471557617
test_acc,0.6034482717514038
test_f1,0.5294532775878906
best_val,0.8128078579902649
