Metric,Value
test_loss,1.3770382404327393
test_acc,0.6206896305084229
test_f1,0.6133333444595337
best_val,0.7857142686843872
