Metric,Value
test_loss,3.581023693084717
test_acc,0.5862069129943848
test_f1,0.5007173418998718
best_val,0.8596059083938599
