Metric,Value
test_loss,0.9145029187202454
test_acc,0.7008196711540222
test_f1,0.698994517326355
best_val,0.88376384973526
