Metric,Value
test_loss,0.618269681930542
test_acc,0.8275862336158752
test_f1,0.8223038911819458
best_val,0.866995096206665
