Metric,Value
test_loss,8.007278442382812
test_acc,0.36206895112991333
test_f1,0.3603576719760895
best_val,0.8546798229217529
