Metric,Value
test_loss,0.36874720454216003
test_acc,0.8448275923728943
test_f1,0.8436657190322876
best_val,0.8965517282485962
