Metric,Value
test_loss,2.1202406883239746
test_acc,0.6551724076271057
test_f1,0.6267696619033813
best_val,0.7586206793785095
