Metric,Value
test_loss,2.9932103157043457
test_acc,0.6943699717521667
test_f1,0.6935749053955078
best_val,0.9166666865348816
