Metric,Value
test_loss,1.5413295030593872
test_acc,0.6353887319564819
test_f1,0.6347981095314026
best_val,0.9127907156944275
