Metric,Value
test_loss,0.3774242401123047
test_acc,0.8542713522911072
test_f1,0.854035496711731
best_val,0.8747731447219849
