Metric,Value
test_loss,0.9703032374382019
test_acc,0.7738693356513977
test_f1,0.7730441689491272
best_val,0.8983666300773621
