Metric,Value
test_loss,2.9812395572662354
test_acc,0.568965494632721
test_f1,0.5284552574157715
best_val,0.7660098671913147
