Metric,Value
test_loss,0.7387098670005798
test_acc,0.8780487775802612
test_f1,0.7846638560295105
best_val,0.8800737857818604
