Metric,Value
test_loss,0.7838075160980225
test_acc,0.8341708779335022
test_f1,0.8341541290283203
best_val,0.8838475346565247
