Metric,Value
test_loss,2.260586977005005
test_acc,0.7272727489471436
test_f1,0.6703363656997681
best_val,0.9071428775787354
